,Original_Mean,Original_SD,Original_Median,Original_Variance,Adaptive_Mean,Adaptive_SD,Adaptive_Median,Adaptive_Variance,Mean_Diff,Percent_Change
Overall TLX,14.9842176508468,0.7215618383901788,14.971038913210464,0.5206514866210146,9.033448302464345,0.7692187233490378,8.937259435681113,0.5916974443507236,-5.950769348382455,-39.71358056218678
Mental_Demand,14.81441181080928,1.7138319678183862,14.886433836808258,2.937220013916242,9.013930536575536,1.7468435350263494,8.990236764889444,3.0514623358633526,-5.800481274233745,-39.154313706882675
Physical_Demand,14.962202325244174,1.7135668482823272,15.046306467556722,2.9363113435322283,9.17830129534227,1.6700256908230426,9.466851161338266,2.788985808008981,-5.783901029901905,-38.656749214942295
Temporal_Demand,14.818565031142187,1.8118473599509204,14.742733254831904,3.28279085576112,8.630472505969596,1.7224064268213772,8.21907857048166,2.9666838991555844,-6.188092525172591,-41.759053674683805
Performance,15.107650763133766,1.8806762200719265,15.167642418341828,3.5369430447440293,8.97627043852558,1.7439541422175724,9.017133265157897,3.0413760501578286,-6.131380324608186,-40.58460458703613
Effort,15.151153930075637,1.9703614403943346,15.337789514197656,3.882324205792837,9.261054846148177,1.6561668715343587,9.392367118077502,2.7428887063679053,-5.89009908392746,-38.87558077167562
Frustration,15.051322044675754,1.6730477771876193,14.896077279606377,2.799088864752434,9.140660192224919,1.6906329301488867,9.296219202702915,2.8582397045038106,-5.9106618524508345,-39.27005106200401
